rmse_log,mae_log,r2_log,n_obs
21.22147253497658,21.210421916978557,-53.777465091754834,9305
