rmse_train,mae_train,r2_train,n_obs_train,rmse_test,mae_test,r2_test,n_obs_test
15.965598075495171,15.92775181605998,-29.787097268128537,8939,15.928461050024078,15.899628533977625,-39.40385454150018,366
