rmse_train,mae_train,r2_train,n_obs_train,rmse_test,mae_test,r2_test,n_obs_test
0.2732281937266477,0.18458984395662553,0.9909832634226993,8939,0.4069010204666026,0.2726198737348949,0.9736334855703691,366
