rmse_train,mae_train,r2_train,n_obs_train,rmse_test,mae_test,r2_test,n_obs_test
17.611027318618543,17.526238536300458,-27.783375401724946,6065,17.68365011722164,17.601427938999283,-29.77265010610625,575
