rmse_train,mae_train,r2_train,n_obs_train,rmse_test,mae_test,r2_test,n_obs_test
0.30671658274963726,0.22426452217885756,0.9912693444527734,6065,0.8018497218304828,0.5063690917436519,0.9367286592387842,575
