model,metrics
Logit,"{'accuracy': 0.6399176954732511, 'precision': 0.3220575901593514, 'recall': 0.5614035087719298, 'f1': 0.40930893586782735, 'roc_auc': 0.6382072926522501, 'pr_auc': 0.33083569643489064}"
XGBoost,"{'accuracy': 0.8145982239549491, 'precision': 0.65625, 'recall': 0.347953216374269, 'f1': 0.4547770700636943, 'roc_auc': 0.8203503669288014, 'pr_auc': 0.6007865466538305}"
